{"yerr": [[0.005329949000000056, 0.010659898000000001, 0.01941624299999989, 0.06205583700000006, 0.05824872999999997, 0.05786802000000002, 0.05672588899999986, 0.06091370600000001, 0.06205583799999992, 0.057487308999999986], [0.005329949000000056, 0.011802031000000102, 0.018274112000000065, 0.06243654900000006, 0.05977157399999988, 0.05862944200000009, 0.0574873090000001, 0.06053299499999998, 0.061675126999999996, 0.05786802099999999]], "x": [3989.4459100000004, 8000.0, 12010.554090000001, 16000.0, 19989.44591, 24000.0, 27989.445910000002, 32000.0, 35989.44591, 40000.0], "y": [-0.974111675, -0.923096447, -0.9086294420000001, -0.818020305, -0.7262690359999999, -0.6904822340000001, -0.6737309640000001, -0.677538071, -0.6794416240000001, -0.679060914]}