{"y": [-0.9845538072183072, -0.882253459996086, -0.7625822207550855, -0.715680628912363, -0.7039906103286385, -0.6979340889084508, -0.6942252909820033, -0.6956805066510173, -0.69291067586072, -0.6906100229851332], "x": [40000, 80000, 120000, 160000, 200000, 240000, 280000, 320000, 360000, 400000], "yerr": [[0.011737089201877882, 0.055399061032863295, 0.057746478873238805, 0.028638497652581973, 0.016901408450704092, 0.013145539906103343, 0.012206572769952961, 0.012676056338028041, 0.012676056338028041, 0.010798122065727611], [0.011267605633802802, 0.055399061032863295, 0.057746478873238805, 0.02910798122065683, 0.01737089201877917, 0.0136150234741782, 0.012206572769952961, 0.012206572769952961, 0.01220657276995285, 0.010328332844287913]]}