{"x": [40000, 80000, 120000, 160000, 200000, 240000, 280000, 320000, 360000, 400000], "y": [-0.9831453565140816, -0.8686384365219076, -0.7550704836658837, -0.7213144317292643, -0.7105633802816901, -0.7021594410211268, -0.6975116759585289, -0.6947415395148671, -0.6947886101330204, -0.6957743422339594], "yerr": [[0.013145539906103454, 0.046478873239436114, 0.03239436619718283, 0.02112676056338003, 0.01737089201877917, 0.020187793427229872, 0.018779342723004633, 0.01596244131455382, 0.01737089201877917, 0.020657276995304952], [0.012676056338027819, 0.047417840375586384, 0.03239436619718283, 0.020657276995304952, 0.016901408450704092, 0.020657276995304952, 0.01924882629107949, 0.0164319248826289, 0.01830985915492933, 0.02112676056338003]]}