{"yerr": [[0.036150234741783804, 0.037558685446009044, 0.015492957746478742, 0.01267605633802793, 0.01596244131455382, 0.01314553990610312, 0.0136150234741782, 0.015492652093114123, 0.0192488262910796, 0.012676361991392548], [0.036150234741783804, 0.037089201877934075, 0.015492957746478742, 0.012676056338028041, 0.016431924882629012, 0.012676056338028041, 0.013615023474178312, 0.01643223053599363, 0.018309859154929442, 0.013145539906103232]], "y": [-0.9202345583920166, -0.8362440703247249, -0.7860563991588412, -0.7523003472222218, -0.7382629107981218, -0.7242251687206571, -0.7205163707942096, -0.7177465400039122, -0.7206102063771517, -0.7150231685250391], "x": [40000, 80000, 120000, 160000, 200000, 240000, 280000, 320000, 360000, 400000]}