{"x": [40000, 80000, 120000, 160000, 200000, 240000, 280000, 320000, 360000, 400000], "y": [-0.9944129621478844, -0.9695774036580568, -0.926901469581375, -0.8687322721048497, -0.8110328638497643, -0.7730514598004689, -0.7491548684467915, -0.7318310470461656, -0.7206102063771517, -0.712206572769953], "yerr": [[0.0046948356807511304, 0.028638497652581973, 0.048356807511736655, 0.06525821596244064, 0.0661971830985909, 0.059154929577464155, 0.044600938967135684, 0.03661971830985877, 0.030985915492957372, 0.029107675567292324], [0.004225352112675607, 0.02910798122065672, 0.048356807511736655, 0.0657276995305156, 0.0661971830985909, 0.058685446009389075, 0.044600938967135795, 0.0366200239632235, 0.030985915492957483, 0.02957777044209675]]}